fid,iid,pheno1,pheno2
1,1,0.0281282984061537,0.719464786432168
2,2,0.358461591255059,-1.02087998937012
3,3,0.603441541479192,0.840851549405299
4,4,1.65347025771232,-1.60682673828096
5,5,1.02778706295079,1.21029259358842
6,6,0.0930961748989246,-2.05049674499801
7,7,-0.440158937156728,1.67982928497295
8,8,0.756369374187732,0.151960941829316
9,9,-0.696269394888922,0.390622774844909
10,10,-0.358332732854486,-0.589288191572182
11,11,0.474527679032021,0.449485171130285
